"","Naive_like_1_CM","Naive_like_2_SC","Naive_like_3","Cytotoxic","Type_I_IFN","Stimulated_1","Stimulated_exhausted","Exhausted_1","Exhausted_2","TRM","gd_T_g9d2","gd_T_non_g9d2","MAIT","Proliferative"
"S1",52.3992322456814,24.207492795389,27.3116962645438,22.8643216080402,3.71057513914657,0.580270793036751,0.139082058414465,34.5279117849759,0.941176470588235,35.5555555555556,17.9245283018868,12.6068376068376,38.9655172413793,38
"S2",9.59692898272553,23.6311239193084,39.987752602572,47.9396984924623,46.0111317254174,1.1605415860735,0.278164116828929,9.64851826326671,42.1176470588235,12,44.3396226415094,44.4444444444444,16.2068965517241,12
"S3",2.97504798464491,34.3900096061479,24.9846907532149,18.2914572864322,5.75139146567718,59.3810444874275,79.6940194714882,26.6023432115782,54.8235294117647,8.44444444444444,8.9622641509434,39.3162393162393,11.3793103448276,22
"S4",35.0287907869482,17.7713736791547,7.71586037966932,10.9045226130653,44.5269016697588,38.8781431334623,19.8887343532684,29.2212267401792,2.11764705882353,44,28.7735849056604,3.63247863247863,33.448275862069,28
